{
  "input_dim": 192,
  "train_rows": 7551,
  "val_rows": 1618,
  "test_rows": 1620,
  "model": {
    "type": "tiny_dense_autoencoder",
    "dense_1": 64,
    "latent": 16,
    "learning_rate": 0.001
  },
  "threshold": {
    "threshold": 0.1189359799027443,
    "threshold_percentile": 99.0,
    "val_normal_error_mean": 0.03108270838856697,
    "val_normal_error_std": 0.03365214169025421
  },
  "validation_metrics": {
    "precision": 0.9889570552147239,
    "recall": 1.0,
    "f1": 0.9944478716841455,
    "false_positive_rate_normal": 0.011083743842364532,
    "tp": 806,
    "tn": 803,
    "fp": 9,
    "fn": 0
  },
  "test_metrics": {
    "precision": 0.9914004914004914,
    "recall": 1.0,
    "f1": 0.9956816779765576,
    "false_positive_rate_normal": 0.008610086100861008,
    "tp": 807,
    "tn": 806,
    "fp": 7,
    "fn": 0
  }
}